,a,Brix,DM
a,5.42365252061594,1.24547381519717,1.59684159161052
Brix,1.24547381519717,1.11587923210917,1.47946179927729
DM,1.59684159161052,1.47946179927729,3.41175570301192
