trait,h2,r,PA
Weight,0.27,0.45,0.519615242270663
Length,0.38,0.61,0.616441400296898
Width,0.27,0.42,0.519615242270663
Brix,0.099,0.45,0.314642654451045
DM,0.13,0.51,0.360555127546399
L,0.18,0.55,0.424264068711929
a,0.23,0.62,0.479583152331272
b,0.18,0.55,0.424264068711929
Shape,0.37,0.58,0.608276253029822
TotalFrtCt,0.2,NA,0.447213595499958
TotalWtKg,0.12,NA,0.346410161513775
Y3,0.11,NA,0.33166247903554
